SKU,Nome,Preço promocional,Preço,Categorias
5030,Capa para Banco/Mocho de Pele de Ovelha Branca/Off Whithe,,85,PRONTA ENTREGA > Peles de Ovelha
5031,Capa para Banco/Mocho de Pele de Ovelha Chamuscado,,85,PRONTA ENTREGA > Peles de Ovelha
5032,Capa para Banco/Mocho de Pele de Ovelha Preta,,85,PRONTA ENTREGA > Peles de Ovelha
5040,Capa para Banco/Mocho de Pele de Ovelha Branca/Off White,,95,PRONTA ENTREGA > Peles de Ovelha
5041,Capa para Banco/Mocho de Pele de Ovelha Chamuscado,,95,PRONTA ENTREGA > Peles de Ovelha
OVELHA_PELEGO_BRANCO,Pele de Ovelha Pelego Premium Branco/Off White,,,PRONTA ENTREGA > Peles de Ovelha
5021,Almofada Pele de Ovelha Branca/Off Whithe,,199,"PRONTA ENTREGA > Almofadas, PRONTA ENTREGA > Peles de Ovelha"
5023,Almofada Pele de Ovelha Preta,,199,"PRONTA ENTREGA > Almofadas, PRONTA ENTREGA > Peles de Ovelha"
5022,Almofada Pele de Ovelha Chamuscada,,199,"PRONTA ENTREGA > Almofadas, PRONTA ENTREGA > Peles de Ovelha"
5060,Tapete Pele de Ovelha Branco/Off White,,199,PRONTA ENTREGA > Peles de Ovelha
5061,Tapete Pele de Ovelha Chamuscado,,199,PRONTA ENTREGA > Peles de Ovelha
5063,Tapete Pele de Ovelha Preto,,199,PRONTA ENTREGA > Peles de Ovelha
5051-branco,Pantufa Bariloche em Pele de Ovelha/Carneiro Branca/Off White,,,PRONTA ENTREGA > Peles de Ovelha
5053-marrom,Pantufa Bariloche em Pele de Ovelha/Carneiro Marrom,,,PRONTA ENTREGA > Peles de Ovelha
5052-chamuscado,Pantufa Bariloche em Pele de Ovelha/Carneiro Chamuscada,,,PRONTA ENTREGA > Peles de Ovelha
OVELHA_PELEGO_CHAMUSCADO,Pele de Ovelha Pelego Premium Marrom Chamuscado,,,PRONTA ENTREGA > Peles de Ovelha
5070,Banqueta Pele de ovelha - Pés Palito M - Branco/Off White,"305,15",359,"PRONTA ENTREGA > Banquetas\, Mesas e Puffs > Banqueta Pés Palito, PRONTA ENTREGA > Banquetas\, Mesas e Puffs, Ofertas para você, PRONTA ENTREGA > Peles de Ovelha"
5080,Banqueta Pele de ovelha - Pés Palito G - Branco/Off White,"339,15",399,"PRONTA ENTREGA > Banquetas\, Mesas e Puffs > Banqueta Pés Palito, PRONTA ENTREGA > Banquetas\, Mesas e Puffs, Ofertas para você, PRONTA ENTREGA > Peles de Ovelha"
5043,Capa para Banco/Mocho de Pele de Ovelha Rose,,95,PRONTA ENTREGA > Peles de Ovelha
5001,Pele de Ovelha Pelego Premium Branco/Off White - P,,229,
5003,Pele de Ovelha Pelego Premium Branco/Off White - G,,269,
5002,Pele de Ovelha Pelego Premium Branco/Off White - M,,249,
5051-35,Pantufa Bariloche em Pele de Ovelha/Carneiro Branca/Off White - 35 - (24 cm),,99,
5051-44,Pantufa Bariloche em Pele de Ovelha/Carneiro Branca/Off White - 44 - (30 cm),,99,
5051-42,Pantufa Bariloche em Pele de Ovelha/Carneiro Branca/Off White - 42 - (29 cm),,99,
5051-41,Pantufa Bariloche em Pele de Ovelha/Carneiro Branca/Off White - 41 - (28 cm),,99,
5051-40,"Pantufa Bariloche em Pele de Ovelha/Carneiro Branca/Off White - 40 - (27,5 cm)",,99,
5051-39,Pantufa Bariloche em Pele de Ovelha/Carneiro Branca/Off White - 39 - (27 cm),,99,
5051-38,"Pantufa Bariloche em Pele de Ovelha/Carneiro Branca/Off White - 38 - (26,5 cm)",,99,
5051-37,"Pantufa Bariloche em Pele de Ovelha/Carneiro Branca/Off White - 37 -(25,5 cm)",,99,
5051-36,"Pantufa Bariloche em Pele de Ovelha/Carneiro Branca/Off White - 36 - (24,5 cm)",,99,
5053-43,"Pantufa Bariloche em Pele de Ovelha/Carneiro Marrom - 43 - (29,5 cm)",,99,
5053-44,Pantufa Bariloche em Pele de Ovelha/Carneiro Marrom - 44 - (30 cm),,99,
5053-39,Pantufa Bariloche em Pele de Ovelha/Carneiro Marrom - 39 - (27 cm),,99,
5053-40,"Pantufa Bariloche em Pele de Ovelha/Carneiro Marrom - 40 - (27,5 cm)",,99,
5053-41,Pantufa Bariloche em Pele de Ovelha/Carneiro Marrom - 41 - (28 cm),,99,
5053-42,Pantufa Bariloche em Pele de Ovelha/Carneiro Marrom - 42 - (29 cm),,99,
5053-36,"Pantufa Bariloche em Pele de Ovelha/Carneiro Marrom - 36 - (24,5 cm)",,99,
5053-37,"Pantufa Bariloche em Pele de Ovelha/Carneiro Marrom - 37 -(25,5 cm)",,99,
5053-38,"Pantufa Bariloche em Pele de Ovelha/Carneiro Marrom - 38 - (26,5 cm)",,99,
5052-35,Pantufa Bariloche em Pele de Ovelha/Carneiro Chamuscada - 35 - (24 cm),,99,
5052-43,"Pantufa Bariloche em Pele de Ovelha/Carneiro Chamuscada - 43 - (29,5 cm)",,99,
5052-42,Pantufa Bariloche em Pele de Ovelha/Carneiro Chamuscada - 42 - (29 cm),,99,
5052-38,"Pantufa Bariloche em Pele de Ovelha/Carneiro Chamuscada - 38 - (26,5 cm)",,99,
5052-39,Pantufa Bariloche em Pele de Ovelha/Carneiro Chamuscada - 39 - (27 cm),,99,
5052-40,"Pantufa Bariloche em Pele de Ovelha/Carneiro Chamuscada - 40 - (27,5 cm)",,99,
5052-41,Pantufa Bariloche em Pele de Ovelha/Carneiro Chamuscada - 41 - (28 cm),,99,
5052-36,"Pantufa Bariloche em Pele de Ovelha/Carneiro Chamuscada - 36 - (24,5 cm)",,99,
5052-37,"Pantufa Bariloche em Pele de Ovelha/Carneiro Chamuscada - 37 -(25,5 cm)",,99,
5004,Pele de Ovelha Pelego Premium Marrom Chamuscado - Tamanho P,,229,
5006,Pele de Ovelha Pelego Premium Marrom Chamuscado - Tamanho G,,269,
5005,Pele de Ovelha Pelego Premium Marrom Chamuscado - Tamanho M,,249,