SKU,Nome,Data de preço promocional começa em,Data de preço promocional termina em,Preço promocional,Preço
2016,"Tapete de Couro Médio 2,05 x 1,90m",11/15/21 0:00,11/26/21 23:59,"566,1",629
2019,"Tapete de Couro Médio 2,25 x 1,98 m",11/15/21 0:00,11/26/21 23:59,"566,1",629
2045,"Tapete de Couro Médio 2,15 x 1,76m",11/15/21 0:00,11/26/21 23:59,"566,1",629
2050,"Tapete de Couro Médio 2,20 x 1,70 m",11/15/21 0:00,11/26/21 23:59,"566,1",629
2053,"Tapete de Couro Médio 2,16 x 1,91m",11/15/21 0:00,11/26/21 23:59,"566,1",629
2054,"Tapete de Couro Médio 2,14 x 1,80m",11/15/21 0:00,11/26/21 23:59,"566,1",629
2072,"Tapete de Couro Médio 2,08 x 1,90 m",11/15/21 0:00,11/26/21 23:59,"566,1",629
2073,"Tapete de Couro Médio 1,92 x 1,74 m",11/15/21 0:00,11/26/21 23:59,"566,1",629
2083,"Tapete de Couro Médio 2,07 x 1,88 m",11/15/21 0:00,11/26/21 23:59,"566,1",629
2086,"Tapete de Couro Médio 2,20 x 1,97 m",11/15/21 0:00,11/26/21 23:59,"566,1",629
2102,"Tapete de Couro Médio 2,09 x 1,64 m",11/15/21 0:00,11/26/21 23:59,"566,1",629
2104,"Tapete de Couro Médio 2,00 x 1,67 m",11/15/21 0:00,11/26/21 23:59,"566,1",629
2105,"Tapete de Couro Médio 2,10 x 1,83 m",11/15/21 0:00,11/26/21 23:59,"566,1",629
2110,"Tapete de Couro Médio 2,16 x 1,83 m",11/15/21 0:00,11/26/21 23:59,"566,1",629
2119,"Tapete de Couro Médio 2,27 x 1,84 m",11/15/21 0:00,11/26/21 23:59,"566,1",629
2124,"Tapete de Couro Médio 2,00 x 1,83 m",11/15/21 0:00,11/26/21 23:59,"566,1",629
2125,"Tapete de Couro Médio 2,08 x 1,88 m",11/15/21 0:00,11/26/21 23:59,"566,1",629
2128,"Tapete de Couro Médio 2,18 x 1,83 m",11/15/21 0:00,11/26/21 23:59,"566,1",629
2129,"Tapete de Couro Médio 2,00 x 1,70 m",11/15/21 0:00,11/26/21 23:59,"566,1",629
2130,"Tapete de Couro Médio 2,07 x 1,97 m",11/15/21 0:00,11/26/21 23:59,"566,1",629
2131,"Tapete de Couro Médio 2,13 x 1,73 m",11/15/21 0:00,11/26/21 23:59,"566,1",629
2132,"Tapete de Couro Médio 2,03 x 1,84 m",11/15/21 0:00,11/26/21 23:59,"566,1",629
2133,"Tapete de Couro Médio 2,08 x 1,90 m",11/15/21 0:00,11/26/21 23:59,"566,1",629
2134,"Tapete de Couro Médio 1,97 x 1,98 m",11/15/21 0:00,11/26/21 23:59,"566,1",629
2136,"Tapete de Couro Médio 2,30 x 1,82 m",11/15/21 0:00,11/26/21 23:59,"566,1",629
2137,"Tapete de Couro Médio 2,15 x 2,05 m",11/15/21 0:00,11/26/21 23:59,"566,1",629
2138,"Tapete de Couro Médio 2,00 x 1,78 m",11/15/21 0:00,11/26/21 23:59,"566,1",629
2139,"Tapete de Couro Médio 2,17 x 1,75 m",11/15/21 0:00,11/26/21 23:59,"566,1",629
2140,"Tapete de Couro Médio 1,97 x 1,90 m",11/15/21 0:00,11/26/21 23:59,"566,1",629
2141,"Tapete de Couro Médio 2,25 x 1,81 m",11/15/21 0:00,11/26/21 23:59,"566,1",629
2142,"Tapete de Couro Médio 2,13 x 1,79 m",11/15/21 0:00,11/26/21 23:59,"566,1",629
2143,"Tapete de Couro Médio 2,02 x 1,93 m",11/15/21 0:00,11/26/21 23:59,"566,1",629
2144,"Tapete de Couro Médio 2,07 x 1,86 m",11/15/21 0:00,11/26/21 23:59,"566,1",629
2145,"Tapete de Couro Médio 2,06 x 2,00 m",11/15/21 0:00,11/26/21 23:59,"566,1",629
2146,"Tapete de Couro Médio 1,97 x 1,80 m",11/15/21 0:00,11/26/21 23:59,"566,1",629
2147,"Tapete de Couro Médio 2,00 x 1,91 m",11/15/21 0:00,11/26/21 23:59,"566,1",629
2148,"Tapete de Couro Médio 2,07 x 1,91 m",11/15/21 0:00,11/26/21 23:59,"566,1",629
2149,"Tapete de Couro Médio 1,96 x 1,84 m",11/15/21 0:00,11/26/21 23:59,"566,1",629
2150,"Tapete de Couro Médio 2,02 x 1,91 m",11/15/21 0:00,11/26/21 23:59,"566,1",629
2151,"Tapete de Couro Médio 1,99 x 1,90 m",11/15/21 0:00,11/26/21 23:59,"566,1",629
2152,"Tapete de Couro Médio 1,93 x 1,88 m",11/15/21 0:00,11/26/21 23:59,"566,1",629
2153,"Tapete de Couro Médio 2,16 x 2,02 m",11/15/21 0:00,11/26/21 23:59,"566,1",629
2154,"Tapete de Couro Médio 1,90 x 1,90 m",11/15/21 0:00,11/26/21 23:59,"566,1",629
2155,"Tapete de Couro Médio 2,13 x 1,95 m",11/15/21 0:00,11/26/21 23:59,"566,1",629
2156,"Tapete de Couro Médio 2,07 x 1,98 m",11/15/21 0:00,11/26/21 23:59,"566,1",629
2157,"Tapete de Couro Médio 2,05 x 1,88 m",11/15/21 0:00,11/26/21 23:59,"566,1",629
2158,"Tapete de Couro Médio 2,32 x 1,77 m",11/15/21 0:00,11/26/21 23:59,"566,1",629
2159,"Tapete de Couro Médio 1,88 x 1,86 m",11/15/21 0:00,11/26/21 23:59,"566,1",629
2160,Tapete de Couro Médio,11/15/21 0:00,11/26/21 23:59,"566,1",629
2161,"Tapete de Couro Médio 2,22 x 1,71 m",11/15/21 0:00,11/26/21 23:59,"566,1",629
2163,"Tapete de Couro Médio 1,96 x 1,86 m",11/15/21 0:00,11/26/21 23:59,"566,1",629
2164,"Tapete de Couro Médio 1,91 x 1,82 m",11/15/21 0:00,11/26/21 23:59,"566,1",629
2165,"Tapete de Couro Médio 2,05 x 1,83 m",11/15/21 0:00,11/26/21 23:59,"566,1",629
2166,"Tapete de Couro Médio 2,04 x 1,81 m",11/15/21 0:00,11/26/21 23:59,"566,1",629
2167,"Tapete de Couro Médio 2,03 x 1,88 m",11/15/21 0:00,11/26/21 23:59,"566,1",629
2168,"Tapete de Couro Médio 2,03 x 1,92 m",11/15/21 0:00,11/26/21 23:59,"566,1",629
2169,"Tapete de Couro Médio 2,16 x 1,85 m",11/15/21 0:00,11/26/21 23:59,"566,1",629
2170,"Tapete de Couro Médio 2,11 x 1,88 m",11/15/21 0:00,11/26/21 23:59,"566,1",629
2205,"Tapete de Couro P - 1,96 x 1,67 m",11/15/21 0:00,11/26/21 23:59,441,490
2216,"Tapete de Couro P - 1,90 x 1,75 m",11/15/21 0:00,11/26/21 23:59,441,490
2224,"Tapete de Couro P - 1,80 x 1,70 m",11/15/21 0:00,11/26/21 23:59,441,490
2225,"Tapete de Couro P - 1,80 x 1,58 m",11/15/21 0:00,11/26/21 23:59,441,490
2226,"Tapete de Couro P - 1,88 x 1,49 m",11/15/21 0:00,11/26/21 23:59,441,490
2228,"Tapete de Couro P - 1,91 x 1,66 m",11/15/21 0:00,11/26/21 23:59,441,490
2231,"Tapete de Couro P - 2,03 x 1,82 m",11/15/21 0:00,11/26/21 23:59,441,490
2232,"Tapete de Couro P - 1,80 x 1,62 m",11/15/21 0:00,11/26/21 23:59,441,490
2233,"Tapete de Couro P - 1,80 x 1,84 m",11/15/21 0:00,11/26/21 23:59,441,490
2235,"Tapete de Couro P - 2,02 x 1,67 m",11/15/21 0:00,11/26/21 23:59,441,490
2236,"Tapete de Couro P - 1,82 x 1,86 m",11/15/21 0:00,11/26/21 23:59,441,490
2237,"Tapete de Couro P - 1,75 x 1,80 m",11/15/21 0:00,11/26/21 23:59,441,490
2238,"Tapete de Couro P - 1,86 x 1,72 m",11/15/21 0:00,11/26/21 23:59,441,490
2239,"Tapete de Couro P - 1,86 x 1,67 m",11/15/21 0:00,11/26/21 23:59,441,490
2316,"Tapete de Couro Grande 2,31 x 1,99 m",11/15/21 0:00,11/26/21 23:59,"683,1",759
2333,"Tapete de Couro Grande 2,40 x 2,15 m",11/15/21 0:00,11/26/21 23:59,"683,1",759
2334,"Tapete de Couro Grande 2,28 x 2,00 m",11/15/21 0:00,11/26/21 23:59,"683,1",759
2335,"Tapete de Couro Grande 2,23 x 1,98 m",11/15/21 0:00,11/26/21 23:59,"683,1",759
2336,"Tapete de Couro Grande 2,27 x 2,00 m",11/15/21 0:00,11/26/21 23:59,"683,1",759
2338,"Tapete de Couro Grande 2,26 x 2,00 m",11/15/21 0:00,11/26/21 23:59,"683,1",759
2341,"Tapete de Couro Grande 2,33 x 2,13 m",11/15/21 0:00,11/26/21 23:59,"683,1",759
2342,"Tapete de Couro Grande 2,32 x 1,82 m",11/15/21 0:00,11/26/21 23:59,"683,1",759
2343,"Tapete de Couro Grande 2,20 x 1,91 m",11/15/21 0:00,11/26/21 23:59,"683,1",759
2344,"Tapete de Couro Grande 2,30 x 2,00 m",11/15/21 0:00,11/26/21 23:59,"683,1",759
2345,"Tapete de Couro Grande 2,15 x 1,88 m",11/15/21 0:00,11/26/21 23:59,"683,1",759
2346,"Tapete de Couro Grande 2,22 x 1,94 m",11/15/21 0:00,11/26/21 23:59,"683,1",759
2347,"Tapete de Couro Grande 2,20 x 1,98 m",11/15/21 0:00,11/26/21 23:59,"683,1",759
2348,"Tapete de Couro Grande 2,32 x 2,08 m",11/15/21 0:00,11/26/21 23:59,"683,1",759
2349,"Tapete de Couro Grande 2,21 x 1,95 m",11/15/21 0:00,11/26/21 23:59,"683,1",759
2350,"Tapete de Couro Grande 2,21 x 2,02 m",11/15/21 0:00,11/26/21 23:59,"683,1",759
2351,"Tapete de Couro Grande 2,13 x 2,12 m",11/15/21 0:00,11/26/21 23:59,"683,1",759
2352,"Tapete de Couro Grande 2,17 x 1,96 m",11/15/21 0:00,11/26/21 23:59,"683,1",759
2353,"Tapete de Couro Grande 2,31 x 2,09 m",11/15/21 0:00,11/26/21 23:59,"683,1",759
2354,"Tapete de Couro Grande 2,20 x 2,15 m",11/15/21 0:00,11/26/21 23:59,"683,1",759
2356,"Tapete de Couro Grande 2,21 x 1,96 m",11/15/21 0:00,11/26/21 23:59,"683,1",759
2357,"Tapete de Couro Grande 2,24 x 1,94 m",11/15/21 0:00,11/26/21 23:59,"683,1",759
2359,"Tapete de Couro Grande 2,41 x 2,00 m",11/15/21 0:00,11/26/21 23:59,"683,1",759
2360,"Tapete de Couro Grande 2,24 x 1,86 m",11/15/21 0:00,11/26/21 23:59,"683,1",759
2362,"Tapete de Couro Grande 2,21 x 1,81 m",11/15/21 0:00,11/26/21 23:59,"683,1",759
2370,"Tapete de Couro Grande 2,23 x 1,97 m",11/15/21 0:00,11/26/21 23:59,"683,1",759
2371,"Tapete de Couro Grande 2,18 x 2,02 m",11/15/21 0:00,11/26/21 23:59,"683,1",759
2372,"Tapete de Couro Grande 2,19 x 2,09 m",11/15/21 0:00,11/26/21 23:59,"683,1",759
2373,"Tapete de Couro Grande 2,32 x 2,09 m",11/15/21 0:00,11/26/21 23:59,"683,1",759
2374,"Tapete de Couro Grande 2,29 x 2,07 m",11/15/21 0:00,11/26/21 23:59,"683,1",759
2375,"Tapete de Couro Grande 2,44 x 2,05 m",11/15/21 0:00,11/26/21 23:59,"683,1",759
2376,"Tapete de Couro Grande 2,40 x 2,07 m",11/15/21 0:00,11/26/21 23:59,"683,1",759
2377,"Tapete de Couro Grande 2,27 x 2,02 m",11/15/21 0:00,11/26/21 23:59,"683,1",759
2378,"Tapete de Couro Grande 2,45 x 2,13 m",11/15/21 0:00,11/26/21 23:59,"683,1",759
2379,"Tapete de Couro Grande 2,34 x 2,05 m",11/15/21 0:00,11/26/21 23:59,"683,1",759
2380,"Tapete de Couro Grande 2,38 x 2,09 m",11/15/21 0:00,11/26/21 23:59,"683,1",759
2381,"Tapete de Couro Grande 2,33 x 2,08 m",11/15/21 0:00,11/26/21 23:59,"683,1",759
2382,"Tapete de Couro Grande 2,30 x 2,03 m",11/15/21 0:00,11/26/21 23:59,"683,1",759
2383,"Tapete de Couro Grande 2,32 x 2,07 m",11/15/21 0:00,11/26/21 23:59,"683,1",759
2384,"Tapete de Couro Grande 2,11 x 1,94 m",11/15/21 0:00,11/26/21 23:59,"683,1",759
2405,"Tapete de Couro Grande 2,40 x 2,12 m",11/15/21 0:00,11/26/21 23:59,"710,1",789
2411,"Tapete de Couro Grande 2,46 x 2,18 m",11/15/21 0:00,11/26/21 23:59,"710,1",789
2413,"Tapete de Couro Grande 2,31 x 2,06 m",11/15/21 0:00,11/26/21 23:59,"710,1",789
2414,"Tapete de Couro Grande 2,33 x 2,17 m",11/15/21 0:00,11/26/21 23:59,"710,1",789
2417,"Tapete de Couro Grande 2,19 x 2,02 m",11/15/21 0:00,11/26/21 23:59,"710,1",789
2418,"Tapete de Couro Grande 2,30 x 2,05 m",11/15/21 0:00,11/26/21 23:59,"710,1",789
2419,"Tapete de Couro Grande 2,33 x 2,08 m",11/15/21 0:00,11/26/21 23:59,"710,1",789
2420,"Tapete de Couro Grande 2,47 x 2,18 m",11/15/21 0:00,11/26/21 23:59,"710,1",789
2421,"Tapete de Couro Grande 2,34 x 2,10 m",11/15/21 0:00,11/26/21 23:59,"710,1",789
2422,"Tapete de Couro Grande 2,50 x 2,23 m",11/15/21 0:00,11/26/21 23:59,"710,1",789
2423,"Tapete de Couro Grande 2,44 x 2,13 m",11/15/21 0:00,11/26/21 23:59,"710,1",789
2424,"Tapete de Couro Grande 2,43 x 2,06 m",11/15/21 0:00,11/26/21 23:59,"710,1",789
2425,"Tapete de Couro Grande 2,36 x 1,96 m",11/15/21 0:00,11/26/21 23:59,"710,1",789
2426,"Tapete de Couro Grande 2,44 x 2,13 m",11/15/21 0:00,11/26/21 23:59,"710,1",789
2427,"Tapete de Couro Grande 2,43 x 2,08 m",11/15/21 0:00,11/26/21 23:59,"710,1",789
2428,"Tapete de Couro Grande 2,58 x 2,10 m",11/15/21 0:00,11/26/21 23:59,"710,1",789
2719,"Tapete de Couro PP - 1,81 x 1,30 m",11/15/21 0:00,11/26/21 23:59,351,390
2721,"Tapete de Couro PP - 1,61 x 1,30 m",11/15/21 0:00,11/26/21 23:59,351,390
2722,"Tapete de Couro PP - 1,51 x 1,51 m",11/15/21 0:00,11/26/21 23:59,351,390
2724,"Tapete de Couro PP - 1,66 x 1,45 m",11/15/21 0:00,11/26/21 23:59,351,390
2725,"Tapete de Couro PP - 1,62 x 1,21 m",11/15/21 0:00,11/26/21 23:59,351,390
2726,"Tapete de Couro PP - 1,45 x 1,30 m",11/15/21 0:00,11/26/21 23:59,351,390
2728,"Tapete de Couro PP - 1,50 x 1,51 m",11/15/21 0:00,11/26/21 23:59,351,390
2729,"Tapete de Couro PP - 1,81 x 1,61 m",11/15/21 0:00,11/26/21 23:59,351,390
2730,"Tapete de Couro PP - 1,62 x 1,29 m",11/15/21 0:00,11/26/21 23:59,351,390
2731,"Tapete de Couro PP - 1,53 x 1,28 m",11/15/21 0:00,11/26/21 23:59,351,390
2732,"Tapete de Couro PP - 1,65 x 1,34 m",11/15/21 0:00,11/26/21 23:59,351,390
2733,"Tapete de Couro PP - 1,62 x 1,34 m",11/15/21 0:00,11/26/21 23:59,351,390
2734,"Tapete de Couro PP - 1,50 x 1,63 m",11/15/21 0:00,11/26/21 23:59,351,390
2735,"Tapete de Couro PP - 1,65 x 1,51 m",11/15/21 0:00,11/26/21 23:59,351,390
2736,"Tapete de Couro PP - 1,77 x 1,47 m",11/15/21 0:00,11/26/21 23:59,351,390
2737,"Tapete de Couro PP - 1,72 x 1,54 m",11/15/21 0:00,11/26/21 23:59,351,390
2738,"Tapete de Couro PP - 1,79 x 1,49 m",11/15/21 0:00,11/26/21 23:59,351,390
2739,"Tapete de Couro PP - 1,45 x 1,53 m",11/15/21 0:00,11/26/21 23:59,351,390
2740,"Tapete de Couro PP - 1,58 x 1,39 m",11/15/21 0:00,11/26/21 23:59,351,390
2741,"Tapete de Couro PP - 1,50 x 1,63 m",11/15/21 0:00,11/26/21 23:59,351,390
2742,"Tapete de Couro PP - 1,56 x 1,65 m",11/15/21 0:00,11/26/21 23:59,351,390
2501-19,Tapete de Couro Bezerro - 95 x 77 cm Apróx.,11/15/21 0:00,11/26/21 23:59,"170,1",189
2501-21,Tapete de Couro Bezerro - 95 x 77 cm Apróx.,11/15/21 0:00,11/26/21 23:59,"170,1",189
2501-24,Tapete de Couro Bezerro - 95 x 77 cm Apróx.,11/15/21 0:00,11/26/21 23:59,"170,1",189
2501-25,Tapete de Couro Bezerro - 95 x 77 cm Apróx.,11/15/21 0:00,11/26/21 23:59,"170,1",189
2501-26,Tapete de Couro Bezerro - 95 x 77 cm Apróx.,11/15/21 0:00,11/26/21 23:59,"170,1",189
2501-27,Tapete de Couro Bezerro - 95 x 77 cm Apróx.,11/15/21 0:00,11/26/21 23:59,"170,1",189
2501-3,Tapete de Couro Bezerro - 95 x 77 cm Apróx.,11/15/21 0:00,11/26/21 23:59,"170,1",189
2501-30,Tapete de Couro Bezerro - 95 x 77 cm Apróx.,11/15/21 0:00,11/26/21 23:59,"170,1",189
2501-31,Tapete de Couro Bezerro - 95 x 77 cm Apróx.,11/15/21 0:00,11/26/21 23:59,"170,1",189
2501-33,Tapete de Couro Bezerro - 95 x 77 cm Apróx.,11/15/21 0:00,11/26/21 23:59,"170,1",189
2501-34,Tapete de Couro Bezerro - 95 x 77 cm Apróx.,11/15/21 0:00,11/26/21 23:59,"170,1",189
2501-35,Tapete de Couro Bezerro - 95 x 77 cm Apróx.,11/15/21 0:00,11/26/21 23:59,"170,1",189
2501-36,Tapete de Couro Bezerro - 95 x 77 cm Apróx.,11/15/21 0:00,11/26/21 23:59,"170,1",189
2501-37,Tapete de Couro Bezerro - 95 x 77 cm Apróx.,11/15/21 0:00,11/26/21 23:59,"170,1",189
2501-38,Tapete de Couro Bezerro - 95 x 77 cm Apróx.,11/15/21 0:00,11/26/21 23:59,"170,1",189
2501-39,Tapete de Couro Bezerro - 95 x 77 cm Apróx.,11/15/21 0:00,11/26/21 23:59,"170,1",189
2501-4,Tapete de Couro Bezerro - 95 x 77 cm Apróx.,11/15/21 0:00,11/26/21 23:59,"170,1",189
2501-40,Tapete de Couro Bezerro - 95 x 77 cm Apróx.,11/15/21 0:00,11/26/21 23:59,"170,1",189
2501-41,Tapete de Couro Bezerro - 95 x 77 cm Apróx.,11/15/21 0:00,11/26/21 23:59,"170,1",189
2501-42,Tapete de Couro Bezerro - 95 x 77 cm Apróx.,11/15/21 0:00,11/26/21 23:59,"170,1",189
2501-43,Tapete de Couro Bezerro - 95 x 77 cm Apróx.,11/15/21 0:00,11/26/21 23:59,"170,1",189
2501-44,Tapete de Couro Bezerro - 95 x 77 cm Apróx.,11/15/21 0:00,11/26/21 23:59,"170,1",189
2501-45,Tapete de Couro Bezerro - 95 x 77 cm Apróx.,11/15/21 0:00,11/26/21 23:59,"170,1",189
2501-46,Tapete de Couro Bezerro - 95 x 77 cm Apróx.,11/15/21 0:00,11/26/21 23:59,"170,1",189
2501-47,Tapete de Couro Bezerro - 95 x 77 cm Apróx.,11/15/21 0:00,11/26/21 23:59,"170,1",189
2501-48,Tapete de Couro Bezerro - 95 x 77 cm Apróx.,11/15/21 0:00,11/26/21 23:59,"170,1",189
2501-49,Tapete de Couro Bezerro - 95 x 77 cm Apróx.,11/15/21 0:00,11/26/21 23:59,"170,1",189
2501-50,Tapete de Couro Bezerro - 95 x 77 cm Apróx.,11/15/21 0:00,11/26/21 23:59,"170,1",189
2501-51,Tapete de Couro Bezerro - 95 x 77 cm Apróx.,11/15/21 0:00,11/26/21 23:59,"170,1",189
2501-52,Tapete de Couro Bezerro - 95 x 77 cm Apróx.,11/15/21 0:00,11/26/21 23:59,"170,1",189
2501-53,Tapete de Couro Bezerro - 95 x 77 cm Apróx.,11/15/21 0:00,11/26/21 23:59,"170,1",189
2501-54,Tapete de Couro Bezerro - 95 x 77 cm Apróx.,11/15/21 0:00,11/26/21 23:59,"170,1",189
2501-55,Tapete de Couro Bezerro - 95 x 77 cm Apróx.,11/15/21 0:00,11/26/21 23:59,"170,1",189
2501-56,Tapete de Couro Bezerro - 95 x 77 cm Apróx.,11/15/21 0:00,11/26/21 23:59,"170,1",189
2501-57,Tapete de Couro Bezerro - 95 x 77 cm Apróx.,11/15/21 0:00,11/26/21 23:59,"170,1",189
2501-58,Tapete de Couro Bezerro - 95 x 77 cm Apróx.,11/15/21 0:00,11/26/21 23:59,"170,1",189
2501-59,Tapete de Couro Bezerro - 95 x 77 cm Apróx.,11/15/21 0:00,11/26/21 23:59,"170,1",189
2501-60,Tapete de Couro Bezerro - 95 x 77 cm Apróx.,11/15/21 0:00,11/26/21 23:59,"170,1",189
2501-61,Tapete de Couro Bezerro - 95 x 77 cm Apróx.,11/15/21 0:00,11/26/21 23:59,"170,1",189
2501-62,Tapete de Couro Bezerro - 95 x 77 cm Apróx.,11/15/21 0:00,11/26/21 23:59,"170,1",189
2501-63,Tapete de Couro Bezerro - 95 x 77 cm Apróx.,11/15/21 0:00,11/26/21 23:59,"170,1",189
2501-64,Tapete de Couro Bezerro - 95 x 77 cm Apróx.,11/15/21 0:00,11/26/21 23:59,"170,1",189
2501-65,Tapete de Couro Bezerro - 95 x 77 cm Apróx.,11/15/21 0:00,11/26/21 23:59,"170,1",189
2501-66,Tapete de Couro Bezerro - 95 x 77 cm Apróx.,11/15/21 0:00,11/26/21 23:59,"170,1",189
2501-67,Tapete de Couro Bezerro - 95 x 77 cm Apróx.,11/15/21 0:00,11/26/21 23:59,"170,1",189
2501-68,Tapete de Couro Bezerro - 95 x 77 cm Apróx.,11/15/21 0:00,11/26/21 23:59,"170,1",189
2501-69,Tapete de Couro Bezerro - 95 x 77 cm Apróx.,11/15/21 0:00,11/26/21 23:59,"170,1",189